glaad_symbol,adl_symbol
Transvestigation,100%
Transtrender,109/110
Globohomo,11-Jan
LGBTP,12
CloverGender,13
Super Straight,13/52 & 13/90
,14
,14 Words
,1423
,1488
,18
,211 Crew
,21-2-12
,23/16
,23 (hand sign)
,28
,311
,318
,33/6
,38
,5 Words
,511
,737
,83
,88
,88 (hand sign)
,9%
,ACAB
,Advanced White Society
,AKIA
,Alabama Aryan Brotherhood
,American Front
,American Identity Movement (AIM)
,Anti-Antifa Images
,Anti-Racist Is a Code for Anti-White
,Anti-SHARP Imagery
,Anudda Shoah
,Arrow Cross
,Aryan Brotherhood
,Aryan Brotherhood of Texas (hand sign)
,Aryan Circle
,Aryan Circle (hand sign)
,Aryan Cowboy Brotherhood
,Aryan Fist
,Aryan Knights
,Aryan Nations
,Aryan Nations (hand sign - Tennessee prison gang)
,Aryan Nations (Tennessee prison gang)
,Aryan Renaissance Society
,Aryan Terror Brigade
,Aryan Warriors
,Atlantic City Skins
,Atomwaffen Division
,AYAK
,Blood & Honour
,Blood Drop Cross
,Blue Eyed Devils
,Blut und Ehre
,Bound for Glory
,Bowlcut/Dylann Roof
,Brotherhood Forever
,Brothers of White Warriors
,Burning Cross
,Burning Neo-Nazi Symbols
,Celtic Cross
,Confederate Flag
,COORS Family Skins
,Crazy White Boy
,Creativity Movement
,Crew 1488
,Crossed Grenades
,Crucified Skinhead
,Daily Stormer Book Club
,Day of the Rope
,Diversity = White Genocide
,Echo
,European Kindred
,Fasces
,Featherwood
,FGRN
,Firm 22
,Free America Rally
,Georgia Aryan Brotherhood
,German Phrases
,German Soldier
,Golden State Solidarity
,GTKRWN
,H8
,Hammerskin (hand sign)
,Hammerskins
,Hate
,Hate Edge
,"Hated, The"
,HFFH
,Hitler Salute (hand sign)
,HSN
,Identity Evropa
,Imperial German Flag
,Indiana Aryan Brotherhood
,Inland Empire Skinheads
,Iron Cross
,It's Okay To Be White
,ITSUB
,Jera Rune
,KABARK
,Keystone State Skinheads
,KIGY
,KLASP
,Ku Klux Klan (hand sign)
,Ku Klux Klan Robes
,League of the South
,Life Rune
,LOTIE
,Love Your Race
,Meine Ehre Heisst Treue
,Moon Man
,Muh Holocaust
,National Alliance
,National Rebirth of Poland
,National Socialist Legion
,National Socialist Movement
,Nazi Eagle
,Nazi Low Riders
,Nazi Party Flag
,New Aryan Empire
,New Black Panther Party
,No Race Mixing
,Non Silba Sed Anthar
,Noose
,Northwest American Republic
,Not Equal
,NSM Legacy Logos
,OFOF
,Ohio Aryan Brotherhood
,Oklahoma Aryan Brotherhood
,ORION
,Othala Rune
,Patriot Front
,Peckerwood
,Peckerwood (hand sign)
,Peckerwood Midwest
,PENI
,Pepe the Frog
,Phineas Priesthood
,Pit Bull
,RAHOWA
,Rise Above Movement
,ROA
,Rock Against Communism
,Runic Writing (racist)
,Sacred Separatist Group
,Sadistic Souls
,Saxon Knights
,Sieg Heil
,Silent Aryan Warriors
,Six Gorillion
,Skrewdriver
,Soldiers of Aryan Culture
,Solid Wood Soldiers
,Sonnenrad
,South African Flag (Apartheid Era)
,Southern Brotherhood
,SS Bolts
,SS Divisional Insignia
,SS (hand sign)
,St. Michaelâ€™s Cross
,Stormfront
,Sturmabteilung
,Supreme White Alliance
,Supreme White Alliance (hand sign)
,Swastika
,SWP
,The Happy Merchant
,The Order
,Thor's Hammer
,Totenkopf
,Traditionalist Youth Network
,Triangular Klan Symbol
,Triskele
,Trollface (Racist Versions)
,Tyr Rune
,Unforgiven
,Universal Aryan Brotherhood
,USAS
,Valknot
,Vanguard America
,Vinland Flag
,Vinlanders Social Club
,Vinlanders Social Club (hand sign)
,Volksfront
,Volksfront Flag
,WAR (Arkansas prison gang)
,We Wuz Kangs
,White Aryan Resistance
,White Knights
,White Lives Matter
,White Power (hand sign)
,Wolfsangel
,Women for Aryan Unity
,WP
,WPWW
,You Will Not Replace Us
,ZOG
,Zyklon B
